{"cameraMode":{"drawMode":0,"name":"Shaded","section":"Shading Mode"},"sceneLighting":true,"audioPlay":false,"sceneViewState":{"m_AlwaysRefresh":false,"showFog":true,"showSkybox":true,"showFlares":true,"showImageEffects":true,"showParticleSystems":true,"showVisualEffectGraphs":true,"m_FxEnabled":true},"in2DMode":false,"pivot":{"x":10.34865951538086,"y":31.607379913330079,"z":-8.505058288574219},"rotation":{"x":0.004075664095580578,"y":-0.8381578922271729,"z":-0.00831595342606306,"w":-0.5457932949066162},"size":31.177833557128908,"orthographic":true}